{"loss": [0.11848056316375732, 0.05075959116220474, 0.035444676876068115, 0.029299452900886536, 0.027554040774703026, 0.023488283157348633, 0.022271480411291122, 0.019825397059321404, 0.017246859148144722, 0.020216859877109528, 0.017284370958805084, 0.017790740355849266, 0.016557499766349792, 0.01590387523174286, 0.018587913364171982, 0.01550911832600832, 0.015122904442250729, 0.01646452397108078, 0.015750428661704063, 0.014574473723769188, 0.01473007071763277, 0.015308339148759842, 0.014699840918183327, 0.015542637556791306, 0.016435354948043823, 0.014051798731088638, 0.01481188740581274, 0.014103389345109463, 0.01496770977973938, 0.015307233668863773, 0.01404816284775734, 0.014376410283148289, 0.013905884698033333, 0.015594049356877804, 0.01453015673905611], "mae": [0.42008787393569946, 0.2594890892505646, 0.21369265019893646, 0.19810877740383148, 0.18998771905899048, 0.1745726317167282, 0.16986392438411713, 0.15863008797168732, 0.14607448875904083, 0.15839874744415283, 0.14751553535461426, 0.14934757351875305, 0.1473706215620041, 0.14643920958042145, 0.15484213829040527, 0.14108040928840637, 0.13970322906970978, 0.14458319544792175, 0.14471235871315002, 0.1399378776550293, 0.14006578922271729, 0.14058570563793182, 0.14282743632793427, 0.14258074760437012, 0.146439328789711, 0.13633690774440765, 0.13968031108379364, 0.13527444005012512, 0.1408456414937973, 0.14241531491279602, 0.1397494375705719, 0.13958954811096191, 0.13734643161296844, 0.1440068632364273, 0.13873730599880219], "val_loss": [0.05032067000865936, 0.022080540657043457, 0.021481797099113464, 0.017672395333647728, 0.01570340432226658, 0.011712455190718174, 0.010627172887325287, 0.010234716348350048, 0.013798058032989502, 0.01033301092684269, 0.009386745281517506, 0.010873187333345413, 0.010853439569473267, 0.010979413986206055, 0.009145651012659073, 0.009812014177441597, 0.010152170434594154, 0.009185854345560074, 0.009938365779817104, 0.010735031217336655, 0.011180391535162926, 0.010072978213429451, 0.01026739552617073, 0.01024123840034008, 0.009703589603304863, 0.01015959121286869, 0.010133749805390835, 0.00918479822576046, 0.009759598411619663, 0.010395222343504429, 0.010120346210896969, 0.010201782919466496, 0.010059311054646969, 0.009833979420363903, 0.009771189652383327], "val_mae": [0.25515487790107727, 0.18183651566505432, 0.18046417832374573, 0.1649371236562729, 0.14782218635082245, 0.1235649585723877, 0.11735968291759491, 0.11441436409950256, 0.13322962820529938, 0.11714877188205719, 0.11322402954101562, 0.11870754510164261, 0.11882806569337845, 0.12012792378664017, 0.11007198691368103, 0.11335767805576324, 0.11437500268220901, 0.11143661290407181, 0.11236944049596786, 0.11606111377477646, 0.11961425095796585, 0.11634453386068344, 0.11780136823654175, 0.1175597682595253, 0.11416026949882507, 0.11554429680109024, 0.1156238541007042, 0.11201638728380203, 0.11361479014158249, 0.1174064576625824, 0.11615829169750214, 0.11654765903949738, 0.11602777987718582, 0.11528459191322327, 0.11477488279342651], "learning_rate": [0.0010000000474974513, 0.0010000000474974513, 0.0010000000474974513, 0.0010000000474974513, 0.0010000000474974513, 0.0010000000474974513, 0.0010000000474974513, 0.0010000000474974513, 0.0010000000474974513, 0.0010000000474974513, 0.0010000000474974513, 0.0010000000474974513, 0.0010000000474974513, 0.0010000000474974513, 0.0010000000474974513, 0.0010000000474974513, 0.0010000000474974513, 0.0010000000474974513, 0.0010000000474974513, 0.0010000000474974513, 0.0010000000474974513, 0.0010000000474974513, 0.0010000000474974513, 0.0005000000237487257, 0.0005000000237487257, 0.0005000000237487257, 0.0005000000237487257, 0.0005000000237487257, 0.0005000000237487257, 0.0005000000237487257, 0.0005000000237487257, 0.0002500000118743628, 0.0002500000118743628, 0.0002500000118743628, 0.0002500000118743628]}